{
  "N": 11750,
  "n_weeks": 52,
  "total_cases": 833,
  "peak_cases": 69,
  "peak_week": 30,
  "summary": {
    "beta": {
      "mean": 0.9611355985141428,
      "std": 0.09586496120354275,
      "q2.5": 0.7929693074599288,
      "q25": 0.9032688433144903,
      "q50": 0.9545218867658132,
      "q75": 1.0130237976482432,
      "q97.5": 1.1598968718947356,
      "rhat": 1.0393168567598452,
      "ess": 211.21272211602414
    },
    "gamma": {
      "mean": 0.6675075078384424,
      "std": 0.10291913248633885,
      "q2.5": 0.4894563883211896,
      "q25": 0.6004679443515332,
      "q50": 0.6589104464931349,
      "q75": 0.7257139114892353,
      "q97.5": 0.8837490665256189,
      "rhat": 1.0339871377368732,
      "ess": 274.9453740765596
    },
    "rho": {
      "mean": 0.08318260673240863,
      "std": 0.022629038794279934,
      "q2.5": 0.04954229568711208,
      "q25": 0.06783688978268333,
      "q50": 0.08006612617408801,
      "q75": 0.09475083857800636,
      "q97.5": 0.13654887841344301,
      "rhat": 1.02736638997719,
      "ess": 285.32052009801515
    },
    "phi": {
      "mean": 5.159624270466782,
      "std": 1.7746652122452646,
      "q2.5": 1.3677169049005495,
      "q25": 3.9978722446789052,
      "q50": 4.992937742345545,
      "q75": 6.174639593623314,
      "q97.5": 9.097139576982606,
      "rhat": 1.016746803922724,
      "ess": 225.982188086356
    }
  },
  "R0": {
    "mean": 1.4517300316501562,
    "std": 0.08388253201375642,
    "q2.5": 1.3031371864848755,
    "q50": 1.4463918945431282,
    "q97.5": 1.637787471397673
  },
  "rhat": {
    "beta": 1.0393168567598452,
    "gamma": 1.0339871377368732,
    "rho": 1.02736638997719,
    "phi": 1.016746803922724
  },
  "ess": {
    "beta": 211.21272211602414,
    "gamma": 274.9453740765596,
    "rho": 285.32052009801515,
    "phi": 225.982188086356
  },
  "fit": {
    "R2": 0.8660639027312851,
    "RMSE": 7.821461685318493
  }
}